id,subject,category,question,choice_a,choice_b,choice_c,choice_d,answer,correct_feedback,incorrect_feedback
1,Reasoning,Verbal Reasoning,CUP:LIP::BIRD:?,BUSH,GRASS,BEAK,FOREST,C,,
2,Reasoning,Verbal Reasoning,ORNITHOLOGIST:BIRD::ARCHAEOLOGIST:?,ISLANDS,MEDIATORS,ARCHAEOLOGY,AQUATIC,C,,
3,Reasoning,Verbal Reasoning,PEACOCK:INDIA::BEAR?,AUSTRALIA,AMERICA,RUSSIA,ENGLAND,C,,
4,Reasoning,Verbal Reasoning,REASON:SFBTPO::THINK:?,SGHMJ,UIJOL,UHNKI,UJKPM,B,,
5,Reasoning,Verbal Reasoning,CARBON:DIAMOND::CORUNDOM:?,GARNET,RUBY,PUKHRAJ,PEARL,B,,
6,Reasoning,Verbal Reasoning,ZRYQ:KCJB::PWOV:?,GBHA,ISJT,ELDK,EOFP,C,,
7,Reasoning,Verbal Reasoning,COMPUTER:FQPRXVHT::LANGUAGE:?,OXPIXDIG,OCQIXCIG,OCQIXCJG,OCQIXCIG,C,,
8,Reasoning,Verbal Reasoning,ICE:COLDNESS::EARTH:?,WEIGHT,JUNGLE,GRAVITISM,SEA,C,,
9,Reasoning,Verbal Reasoning,PHYSICIAN:TREATMENT::JUDGE:?,PUNISHMENT,JUDGEMENT,LAWYER,COURT,B,,
10,Reasoning,Verbal Reasoning,AEFJ:KOPT::?:QUVZ,GKLP,GLKP,HKLP,HKQL,A,,
11,Reasoning,Verbal Reasoning,3:12::5:?,25,35,30,15,C,,
12,Reasoning,Verbal Reasoning,MXN: 13X14 :: FXR : ?,14X15,5X17,6X18,7X19,C,,
13,Reasoning,Verbal Reasoning,4:19::7:?,52,49,28,68,A,,
14,Reasoning,Verbal Reasoning,335:216::987,868,867,872,888,A,,
15,Reasoning,Verbal Reasoning,8:24::?:32,5,6,10,8,B,,
16,Reasoning,Verbal Reasoning,DFHJ:LNPR::TVXZ:?,DBFH,DBHF,BDFH,FDBH,C,,
17,Reasoning,Verbal Reasoning,AVEG:?::BDFH:KMOQ,NLPR,LMNO,JLNP,JNLO,C,,
18,Reasoning,Verbal Reasoning,ARCHITECT:BUILDING::SCULPTER:?,MUSEUM,STONE,CHISEL,STATUE,D,,
19,Reasoning,Verbal Reasoning,MASTER:OCUVGTT::LABOUR:?,NCDQWT,NDERWT,NBERWT,NEDRWT,A,,
20,Reasoning,Verbal Reasoning,BEGK:ADFJ::PSVY:?,ROUX,ORUX,LQUT,LOQT,B,,
